DATE,USALORSGPNOSTSAM,PCE_CHG,INDPRO_CHG,UNRATE_CHG,RSXFS_CHG,WPSID611_CHG,TTLCONS_CHG,FEDFUNDS_CHG,INTDSRUSM193N_CHG,AAA_CHG
1/1/90,101.3114306,46.5,-0.3171,0,,0.2,,-0.22,0,0.13
2/1/90,101.3322706,-2.5,0.5619,-0.1,,-0.2,,0.01,0,0.23
3/1/90,101.3265493,26.7,0.3005,-0.1,,0.3,,0.04,0,0.15
4/1/90,101.2829005,15.1,-0.1146,0.2,,0.3,,-0.02,0,0.09
5/1/90,101.1933285,5.8,0.1627,0,,0.2,,-0.08,0,0.01
6/1/90,101.0516188,28.7,0.213,-0.2,,0,,0.11,0,-0.21
7/1/90,100.8551342,17.2,-0.0903,0.3,,0.1,,-0.14,0,-0.02
8/1/90,100.604495,26.6,0.2367,0.2,,0.2,,-0.02,0,0.17
9/1/90,100.3072406,21.8,0.0112,0.2,,0.7,,0.07,0,0.15
10/1/90,99.98533436,0.5,-0.3946,0,,0.7,,-0.09,0,-0.03
11/1/90,99.66656386,1.3,-0.7732,0.3,,0.2,,-0.3,0,-0.23
12/1/90,99.37798024,-10.6,-0.4239,0.1,,-0.3,,-0.5,-0.21,-0.25
1/1/91,99.13940359,-20.3,-0.2291,0.1,,0,,-0.4,-0.29,-0.01
2/1/91,98.96383452,25.7,-0.4369,0.2,,-0.4,,-0.66,-0.5,-0.21
3/1/91,98.85432172,46.3,-0.3402,0.2,,-0.7,,-0.13,0,0.1
4/1/91,98.7962902,-5.9,0.1751,-0.1,,-0.3,,-0.21,-0.02,-0.07
5/1/91,98.7694235,26.1,0.5968,0.2,,-0.5,,-0.13,-0.48,0
6/1/91,98.7556825,7.3,0.4824,0,,-0.2,,0.12,0,0.15
7/1/91,98.74502608,25.5,0.1669,-0.1,,-0.4,,-0.08,0,-0.01
8/1/91,98.73490247,3.1,0.0076,0.1,,-0.1,,-0.16,0,-0.25
9/1/91,98.72945479,15.6,0.5316,0,,0,,-0.21,-0.3,-0.14
10/1/91,98.73860529,-8.7,-0.0885,0.1,,0.2,,-0.24,-0.2,-0.06
11/1/91,98.77371248,27.6,-0.0862,0,,-0.1,,-0.4,-0.42,-0.07
12/1/91,98.84209555,16.9,-0.2711,0.3,,0,,-0.38,-0.47,-0.17
1/1/92,98.93956734,64.2,-0.3255,0,,-0.2,,-0.4,-0.61,-0.11
2/1/92,99.05698968,14.8,0.4423,0.1,298,0.2,,0.03,0,0.09
3/1/92,99.18455506,17.5,0.5056,0,-418,0,,-0.08,0,0.06
4/1/92,99.31447369,14.5,0.4758,0,1227,0.2,,-0.25,0,-0.02
5/1/92,99.44083313,26.9,0.2027,0.2,978,0.2,,0.09,0,-0.05
6/1/92,99.55911072,18.7,0.035,0.2,790,0.4,,-0.06,0,-0.06
7/1/92,99.6657547,27.7,0.5772,-0.1,961,0,,-0.51,-0.48,-0.15
8/1/92,99.75648824,16.1,-0.3478,-0.1,306,0.1,,0.05,-0.02,-0.12
9/1/92,99.82525856,34.4,0.1911,0,1521,0.1,,-0.08,0,-0.03
10/1/92,99.86414523,29.4,0.4526,-0.3,933,-0.2,,-0.12,0,0.07
11/1/92,99.86593955,15.8,0.2541,0.1,62,-0.1,,-0.01,0,0.11
12/1/92,99.8286759,35.9,0.0847,0,2031,0,,-0.17,0,-0.12
1/1/93,99.76258924,4.3,0.2722,-0.1,1941,0.3,,0.1,0,-0.07
2/1/93,99.68252983,14.6,0.2957,-0.2,-1289,0.3,4887,0.01,0,-0.2
3/1/93,99.60231725,-2.8,-0.0551,-0.1,-1514,0.1,-4568,0.04,0,-0.13
4/1/93,99.53000407,40.9,0.1898,0.1,4227,0.3,11026,-0.11,0,-0.12
5/1/93,99.47122351,29,-0.251,0,1626,-0.3,-427,0.04,0,-0.03
6/1/93,99.43179455,17.6,0.1435,-0.1,-478,0,11249,0.04,0,-0.1
7/1/93,99.41918509,28.9,0.156,-0.1,2689,0.1,3324,0.02,0,-0.16
8/1/93,99.44042851,12.2,-0.0723,-0.1,-310,0.1,7923,-0.03,0,-0.32
9/1/93,99.49795726,30.4,0.3297,-0.1,752,0,5803,0.06,0,-0.19
10/1/93,99.58281051,21.3,0.507,0.1,1427,0,-4474,-0.1,0,0.01
11/1/93,99.68241714,21.3,0.3199,-0.2,1909,0.2,23111,0.03,0,0.26
12/1/93,99.78617566,17,0.3568,-0.1,1567,0.1,17216,-0.06,0,0
1/1/94,99.88976484,14,0.2197,0.1,-643,0.2,-19836,0.09,0,-0.01
2/1/94,99.99160481,47.5,0.0464,0,2131,0.2,-118,0.2,0,0.16
3/1/94,100.0891082,13.4,0.6732,-0.1,3117,0.3,7844,0.09,0,0.4
4/1/94,100.1748347,25.1,0.4114,-0.1,340,0.3,7023,0.22,0,0.4
5/1/94,100.2405518,-1.6,0.323,-0.3,-777,0.4,4265,0.45,0.24,0.11
6/1/94,100.2819214,39.4,0.4472,0,1912,0.5,3870,0.24,0.26,-0.02
7/1/94,100.3043867,11.7,0.0928,0,540,0.5,1034,0.01,0,0.14
8/1/94,100.3156124,42,0.4538,-0.1,2514,0.8,728,0.21,0.26,-0.04
9/1/94,100.3191025,12.4,0.223,-0.1,1492,1.2,255,0.26,0.24,0.27
10/1/94,100.3084681,37.9,0.543,-0.1,1774,0.8,-4942,0.03,0,0.23
11/1/94,100.2733093,12.7,0.4737,-0.2,142,1.1,5877,0.53,0.4,0.11
12/1/94,100.2059038,16,0.7182,-0.1,821,0.7,2644,0.16,0.35,-0.22
1/1/95,100.109416,9.6,0.122,0.1,889,1.8,2136,0.08,0,0
2/1/95,99.99273216,-0.4,-0.1046,-0.2,-2925,1.2,-6104,0.39,0.5,-0.2
3/1/95,99.86724578,34.6,0.1135,0,1525,0.5,4889,0.06,0,-0.14
4/1/95,99.74498241,4.8,-0.1023,0.4,673,0.9,381,0.07,0,-0.09
5/1/95,99.63617007,42.9,0.3306,-0.2,1850,0.1,-530,-0.04,0,-0.38
6/1/95,99.54649009,44.4,0.2332,0,2545,0.1,3565,-0.01,0,-0.35
7/1/95,99.47326113,-7.3,-0.3156,0.1,-650,0.4,1211,-0.15,0,0.11
8/1/95,99.41100264,35.1,0.9442,0,1375,0,3654,-0.11,0,0.16
9/1/95,99.35561004,15.2,0.3027,-0.1,560,0,3015,0.06,0,-0.25
10/1/95,99.30755761,-6.6,-0.1147,-0.1,-801,-0.3,1121,-0.04,0,-0.2
11/1/95,99.27121028,41.7,0.1689,0.1,2490,-0.4,2313,0.04,0,-0.1
12/1/95,99.25346747,41.9,0.2716,0,1719,-0.5,508,-0.2,0,-0.2
1/1/96,99.26143061,-11.8,-0.4131,0,-1639,-0.6,17185,-0.04,-0.01,-0.01
2/1/96,99.30005756,47.1,1.0533,-0.1,3131,-0.5,-7086,-0.34,-0.24,0.18
3/1/96,99.36781032,40.5,-0.1004,0,1763,-0.4,6486,0.09,0,0.36
4/1/96,99.44990702,34.7,0.7606,0.1,715,-0.3,15926,-0.09,0,0.15
5/1/96,99.52741858,15.8,0.5348,0,1461,0.4,9722,0.02,0,0.12
6/1/96,99.58511312,6,0.569,-0.3,-69,0,1964,0.03,0,0.09
7/1/96,99.61942324,22.1,-0.0001,0.2,51,-0.4,-2251,0.13,0,-0.06
8/1/96,99.63296684,23.1,0.3686,-0.4,31,0,4060,-0.18,0,-0.19
9/1/96,99.63056612,21.6,0.5084,0.1,2641,0.4,11507,0.08,0,0.2
10/1/96,99.61660624,31.9,-0.0297,0,1650,-0.3,6295,-0.06,0,-0.27
11/1/96,99.59634621,22.7,0.6831,0.2,-335,-0.3,-949,0.07,0,-0.29
12/1/96,99.57791593,27.4,0.4849,0,1110,0.2,-14734,-0.02,0,0.1
1/1/97,99.57462991,32.5,0.1369,-0.1,1087,0.1,2530,-0.04,0,0.22
2/1/97,99.59953606,22.9,0.9282,-0.1,1915,0,6807,-0.06,0,-0.11
3/1/97,99.65881196,20.2,0.4753,0,704,0.1,5052,0.2,0,0.24
4/1/97,99.74302671,5.1,0.0718,-0.1,-1591,-0.1,-4292,0.12,0,0.18
5/1/97,99.8358775,0.9,0.4266,-0.2,-1700,-0.1,8568,-0.01,0,-0.15
6/1/97,99.92094913,34,0.3635,0.1,2976,-0.1,1653,0.06,0,-0.17
7/1/97,99.98771918,54.6,0.6433,-0.1,2339,0,11014,-0.04,0,-0.27
8/1/97,100.0304014,38.2,0.8321,-0.1,621,0.1,2183,0.02,0,0.08
9/1/97,100.0479852,14.7,0.7903,0.1,691,0,6933,0,0,-0.07
10/1/97,100.0458863,36,0.7042,-0.2,-248,-0.2,6670,-0.04,0,-0.15
11/1/97,100.0318389,23.4,0.647,-0.1,858,0.1,-9486,0.02,0,-0.13
12/1/97,100.0131588,31,0.3797,0.1,427,-0.2,-1689,-0.02,0,-0.11
1/1/98,99.99484148,-2.2,0.3782,-0.1,303,-0.4,3665,0.06,0,-0.15
2/1/98,99.9809068,33.9,0.1296,0,-114,-0.2,2435,-0.05,0,0.06
3/1/98,99.97568817,26.5,0.0275,0.1,1280,-0.4,18785,-0.02,0,0.05
4/1/98,99.98478815,37.8,0.3143,-0.4,2801,-0.1,7445,-0.04,0,-0.03
5/1/98,100.0141411,49.8,0.5302,0.1,1006,-0.2,-26,0.04,0,0
6/1/98,100.0680545,33.8,-0.5149,0.1,1698,-0.5,28852,0.07,0,-0.16
7/1/98,100.1457984,18.3,-0.3316,0,-1496,-0.3,-6637,-0.02,0,0.02
8/1/98,100.2430646,35,1.7519,0,-1205,0,1616,0.01,0,-0.03
9/1/98,100.3516859,40.6,-0.0896,0.1,2084,-0.5,9405,-0.04,0,-0.12
10/1/98,100.457936,33.2,0.648,-0.1,3763,-0.4,382,-0.44,-0.14,-0.03
11/1/98,100.547541,16.6,-0.0762,-0.1,1651,-0.3,-98,-0.24,-0.23,0.04
12/1/98,100.6108632,55.1,0.3509,0,2045,-0.5,-856,-0.15,-0.13,-0.19
1/1/99,100.6492738,3.4,0.3843,-0.1,818,-0.2,1829,-0.05,0,0.02
2/1/99,100.6704971,25.3,0.4941,0.1,2253,-0.4,17490,0.13,0,0.16
3/1/99,100.6857781,33.8,0.1689,-0.2,1167,-0.1,10918,0.05,0,0.22
4/1/99,100.7083576,66.5,0.196,0.1,1620,-0.3,-8438,-0.07,0,0.02
5/1/99,100.7504779,32.6,0.55,-0.1,2198,0.5,-1430,0,0,0.29
6/1/99,100.8199801,28.2,-0.0645,0.1,668,0.3,11809,0.02,0,0.3
7/1/99,100.915592,27.3,0.5353,0,2045,0.5,6648,0.23,0,-0.04
8/1/99,101.0302082,44.3,0.3829,-0.1,2618,0.4,-4291,0.08,0.06,0.21
9/1/99,101.1523406,54.6,-0.4024,0,915,0.4,9878,0.15,0.19,-0.01
10/1/99,101.2662735,24.9,1.1765,-0.1,72,0.6,8504,-0.02,0,0.16
11/1/99,101.3585303,37.3,0.4713,0,2991,0.1,21293,0.22,0.11,-0.19
12/1/99,101.4250128,92.3,0.7006,-0.1,4941,0.1,8232,-0.12,0.14,0.19
1/1/00,101.4797449,1.9,-0.0502,0,-2049,0.4,-4491,0.15,0,0.23
2/1/00,101.5402896,82.4,0.333,0.1,3697,0.5,8797,0.28,0.24,-0.1
3/1/00,101.6141368,61.2,0.3461,-0.1,2692,0.6,15722,0.12,0.1,0
4/1/00,101.6848036,-7.4,0.5886,-0.2,-3994,0.5,-4693,0.17,0.16,-0.04
5/1/00,101.726491,30.6,0.2808,0.2,370,0.3,239,0.25,0.21,0.35
6/1/00,101.7190568,37.2,0.0481,0,1959,0.1,-9594,0.26,0.29,-0.32
7/1/00,101.6651082,21.6,-0.1868,0,-984,0.3,-11616,0.01,0,-0.02
8/1/00,101.5764446,34.3,-0.2403,0.1,400,-0.3,21546,-0.04,0,-0.1
9/1/00,101.4639733,85.8,0.3896,-0.2,4261,0,8989,0.02,0,0.07
10/1/00,101.3303522,5.2,-0.3514,0,-616,0,1770,-0.01,0,-0.07
11/1/00,101.1745452,16,0.0118,0,-890,-0.3,3954,0,0,-0.1
12/1/00,100.9980186,42.4,-0.2749,0,327,0.1,-8538,-0.11,0,-0.24
1/1/01,100.8126042,35.2,-0.5334,0.3,1996,0.3,2963,-0.42,-0.48,-0.06
2/1/01,100.6316035,14.4,-0.6241,0,50,0.2,-832,-0.49,-0.52,-0.05
3/1/01,100.4618134,-5.1,-0.2246,0.1,-2376,0.1,14410,-0.18,-0.19,-0.12
4/1/01,100.2955016,7.5,-0.2847,0.1,4435,-0.3,14335,-0.51,-0.53,0.22
5/1/01,100.1206071,48.6,-0.5385,-0.1,455,-0.1,5754,-0.59,-0.55,0.09
6/1/01,99.93068808,16.9,-0.5013,0.2,-1196,-0.4,7584,-0.24,-0.26,-0.11
7/1/01,99.73546414,12.6,-0.5544,0.1,-1025,-0.8,-5259,-0.2,-0.22,-0.05
8/1/01,99.55230437,39.4,-0.094,0.3,1563,-0.5,-3006,-0.12,-0.09,-0.11
9/1/01,99.39833092,-114.7,-0.4576,0.1,-4715,-0.1,-10053,-0.58,-0.39,0.15
10/1/01,99.28189097,205.9,-0.2897,0.3,18154,-0.7,8529,-0.58,-0.75,-0.14
11/1/01,99.20544306,-30.6,-0.5307,0.2,-7485,-0.6,-2030,-0.4,-0.44,-0.06
12/1/01,99.16576787,-15.6,-0.0161,0.2,-3965,-0.5,5778,-0.27,-0.25,-0.2
1/1/02,99.1513275,17.9,0.5809,0,-242,-0.4,8965,-0.09,-0.08,-0.22
2/1/02,99.1478036,40.6,0.0017,0,1363,0.1,3684,0.01,0,-0.04
3/1/02,99.14180674,18.2,0.6901,0,-611,0.5,-17787,-0.01,0,0.3
4/1/02,99.12380467,69.1,0.4309,0.2,4274,0.3,13689,0.02,0,-0.05
5/1/02,99.08718896,-23.6,0.3696,-0.1,-3760,0,-7305,0,0,-0.01
6/1/02,99.02819764,33.6,0.7449,0,2213,0.4,-4158,0,0,-0.12
7/1/02,98.94715219,64.8,-0.0317,0,2983,0.4,352,-0.02,0,-0.1
8/1/02,98.84719564,25.3,-0.0911,-0.1,2274,0.2,-8121,0.01,0,-0.16
9/1/02,98.73459811,-21.1,0.1081,0,-4417,0.6,-6874,0.01,0,-0.22
10/1/02,98.62039797,43.7,-0.2642,0,1327,0.4,7556,0,0,0.17
11/1/02,98.51764944,28.6,0.5077,0.2,1615,0.3,5007,-0.41,-0.42,-0.01
12/1/02,98.43882136,56.1,-0.4992,0.1,2362,-0.4,11224,-0.1,-0.08,-0.1
1/1/03,98.39240838,21.4,0.7478,-0.2,1300,0.6,7934,0,1.5,-0.04
2/1/03,98.38533675,7.3,0.1088,0.1,-4042,1.6,-4630,0.02,0,-0.22
3/1/03,98.42300297,62.9,-0.273,0,4632,0.6,-8093,-0.01,0,-0.06
4/1/03,98.50644555,23,-0.5762,0.1,-623,-0.8,8327,0.01,0,-0.15
5/1/03,98.63360569,15.8,-0.0285,0.1,165,-0.1,7355,0,0,-0.52
6/1/03,98.79720532,49.3,0.1209,0.2,3034,0.3,14051,-0.04,-0.25,-0.25
7/1/03,98.97936459,57.4,0.4656,-0.1,2956,-0.4,10399,-0.21,0,0.52
8/1/03,99.15872746,95.1,-0.1909,-0.1,4613,0.7,10575,0.02,0,0.39
9/1/03,99.31620658,1.6,0.6236,0,-1535,0.1,9750,-0.02,0,-0.16
10/1/03,99.44089856,13.7,0.1017,-0.1,-1666,0.7,14143,0,0,-0.02
11/1/03,99.52797136,55.2,0.6133,-0.2,3534,0.2,253,-0.01,0,-0.05
12/1/03,99.57881281,27.8,0.0514,-0.1,-686,0.3,22506,-0.02,0,-0.03
1/1/04,99.60379291,56.7,0.1624,0,1301,0.9,-9966,0.02,0,-0.08
2/1/04,99.61636818,33.3,0.5449,-0.1,2019,1.3,-712,0.01,0,-0.04
3/1/04,99.62904051,58.4,-0.3689,0.2,5277,1,23346,-0.01,0,-0.17
4/1/04,99.65024154,8.4,0.3852,-0.2,-3257,1.9,6443,0,0,0.4
5/1/04,99.6853687,69.3,0.6715,0,5300,1.2,6779,0,0,0.31
6/1/04,99.73723093,-18.9,-0.7293,0,-4119,0.4,8706,0.03,0.25,-0.03
7/1/04,99.80551742,79.3,0.6969,-0.1,3225,0.3,23097,0.23,0,-0.19
8/1/04,99.88841619,34.7,0.087,-0.1,583,1.4,7432,0.17,0.25,-0.17
9/1/04,99.9830811,69.9,0.0877,0,5198,1.3,-1536,0.18,0.25,-0.19
10/1/04,100.085086,55.6,0.8619,0.1,1976,0.8,3639,0.15,0,0.01
11/1/04,100.1888508,47.4,0.2367,-0.1,1062,0.5,7275,0.17,0.25,0.05
12/1/04,100.2875922,59.9,0.7054,0,3586,0.9,14486,0.23,0.25,-0.05
1/1/05,100.3732125,-6.7,0.3731,-0.1,-3067,1,8602,0.12,0,-0.11
2/1/05,100.4385967,61.4,0.7036,0.1,3861,0.5,20766,0.22,0.25,-0.16
3/1/05,100.4809344,39.3,-0.1475,-0.2,751,0.8,4897,0.13,0.25,0.2
4/1/05,100.5065736,80,0.1913,0,2452,-0.3,9267,0.16,0,-0.07
5/1/05,100.5254159,-6.8,0.0984,-0.1,-1984,-0.3,12329,0.21,0.25,-0.18
6/1/05,100.5466403,81.8,0.3908,-0.1,9213,-0.3,12555,0.04,0.25,-0.19
7/1/05,100.5750725,100.4,-0.3105,0,2531,0.3,13205,0.22,0,0.1
8/1/05,100.6135521,-3.7,0.3431,-0.1,-3474,-0.2,10062,0.24,0.25,0.03
9/1/05,100.6649318,50.3,-1.8766,0.1,627,2.3,19275,0.12,0.25,0.04
10/1/05,100.7335148,38.1,1.1355,0,-194,2.7,12393,0.16,0,0.22
11/1/05,100.8215086,7.7,1.0291,0,2824,0.1,11259,0.22,0.25,0.07
12/1/05,100.9244093,34.9,0.5372,-0.1,170,0.5,12587,0.16,0.25,-0.05
1/1/06,101.0251409,90.5,0.1245,-0.2,8875,1.2,10965,0.13,0.25,-0.08
2/1/06,101.1029894,24.4,0.0059,0.1,-2177,0.8,9997,0.2,0,0.06
3/1/06,101.1429026,36.9,0.2503,-0.1,698,0.7,-470,0.1,0.25,0.18
4/1/06,101.1466173,58.7,0.3127,0,1692,1.2,-11873,0.2,0,0.31
5/1/06,101.1248369,40.2,-0.0043,-0.1,-767,2.4,-12715,0.15,0.25,0.11
6/1/06,101.0921814,27.8,0.3091,0,1390,1,-8453,0.05,0.25,-0.06
7/1/06,101.0642062,84.2,-0.0617,0.1,1020,0.8,-14202,0.25,0,-0.04
8/1/06,101.0535744,-1.6,0.4342,0,1120,0.5,-12019,0.01,0,-0.17
9/1/06,101.0661665,33.2,-0.1682,-0.2,-2088,-0.2,-10154,0,0,-0.17
10/1/06,101.0961889,18.2,-0.1202,-0.1,-558,-0.2,-12839,0,0,0
11/1/06,101.1337419,6.6,-0.0555,0.1,665,-0.7,-1165,0,0,-0.18
12/1/06,101.1713413,88.1,1.015,-0.1,3506,-0.2,13657,-0.01,0,-0.01
1/1/07,101.2101294,50.4,-0.3926,0.2,332,0.1,2511,0.01,0,0.08
2/1/07,101.2554014,27.3,0.9496,-0.1,772,0.2,1115,0.01,0,-0.01
3/1/07,101.3122818,45.7,0.2161,-0.1,2626,1.1,7592,0,0,-0.09
4/1/07,101.381169,31.9,0.724,0.1,-1019,1.9,3966,-0.01,0,0.17
5/1/07,101.4595268,42.2,0.0651,-0.1,4642,2,10991,0,0,0
6/1/07,101.5430339,21,0.0276,0.2,-3126,0.9,1930,0,0,0.32
7/1/07,101.6262747,44.3,-0.1215,0.1,1266,0.9,-8063,0.01,0,-0.06
8/1/07,101.7026321,47.8,0.243,-0.1,1827,-1.1,3629,-0.24,-0.5,0.06
9/1/07,101.7644155,46.2,0.2384,0.1,1273,0,-497,-0.08,-0.5,-0.05
10/1/07,101.8036991,37.6,-0.315,0,2088,1.2,-6089,-0.18,-0.25,-0.08
11/1/07,101.814639,73.2,0.5844,0,3603,1.9,-19583,-0.27,0,-0.22
12/1/07,101.797598,16.9,-0.0096,0.3,-4944,0.2,-17767,-0.25,-0.25,0.05
1/1/08,101.7654618,23.6,-0.1473,0,1223,2,-3794,-0.3,-1.25,-0.16
2/1/08,101.7315815,-14.7,-0.3764,-0.1,-2828,1.7,-14699,-0.96,0,0.2
3/1/08,101.698996,53.6,-0.348,0.2,609,2.9,6798,-0.37,-1,-0.02
4/1/08,101.649976,35,-0.6806,-0.1,-350,2.3,-2194,-0.33,-0.25,0.04
5/1/08,101.555511,62,-0.6025,0.4,3104,3.4,295,-0.3,0,0.02
6/1/08,101.3861552,54.8,-0.222,0.2,364,3.2,-11449,0.02,0,0.11
7/1/08,101.1262501,-2,-0.4729,0.2,-1540,5,-3146,0.01,0,-0.01
8/1/08,100.7713856,-9.4,-1.5523,0.3,-2726,1.4,-16877,-0.01,0,-0.03
9/1/08,100.3322856,-59.3,-4.215,0,-5702,-2,-10496,-0.19,0,0.01
10/1/08,99.84523092,-82.3,0.8585,0.4,-13513,-6.2,-3620,-0.84,-1,0.63
11/1/08,99.35537106,-148.9,-1.2299,0.3,-13498,-9,-20926,-0.58,0,-0.16
12/1/08,98.90392864,-83.7,-2.6487,0.5,-7307,-7.3,-35894,-0.23,-0.75,-1.07
1/1/09,98.51613409,45.7,-2.242,0.5,4648,-1.2,-24040,-0.01,0,0
2/1/09,98.2075503,-22.7,-0.5761,0.5,-1042,-1.6,-3391,0.07,0,0.22
3/1/09,97.98571813,-51.3,-1.4024,0.4,-5331,-1.7,-7915,-0.04,0,0.23
4/1/09,97.84602873,-0.7,-0.6639,0.3,1314,-0.8,-31311,-0.03,0,-0.11
5/1/09,97.78077222,19.1,-0.8771,0.4,2887,1.1,-12462,0.03,0,0.15
6/1/09,97.78210738,60.8,-0.2794,0.1,5668,0.8,-7490,0.03,0,0.07
7/1/09,97.8396059,33.9,0.963,0,633,0.7,-1092,-0.05,0,-0.2
8/1/09,97.94318283,117.8,0.9623,0.1,6221,2.3,-11326,0,0,-0.15
9/1/09,98.08190061,-76.3,0.6978,0.2,-7990,1.1,-12871,-0.01,0,-0.13
10/1/09,98.23934536,48.9,0.2523,0.2,3121,0.4,-15850,-0.03,0,0.02
11/1/09,98.40003707,9,0.3466,-0.1,2521,1.1,-12898,0,0,0.04
12/1/09,98.55441213,66.9,0.2758,0,1738,1.5,-15884,0,0,0.07
1/1/10,98.70347523,3.5,0.9925,-0.1,-70,1.9,-20495,-0.01,0,0
2/1/10,98.85292207,37.3,0.2904,0,225,1.5,-7229,0.02,0.25,0.09
3/1/10,99.00744541,62.6,0.6648,0.1,7416,1.4,6964,0.03,0,-0.08
4/1/10,99.16481568,26.3,0.3393,0,2819,2.3,7815,0.04,0,0.02
5/1/10,99.31861082,28.5,1.2558,-0.3,-3243,0.2,-6217,0,0,-0.33
6/1/10,99.46058796,20.5,0.1823,-0.2,-671,-1.7,-1504,-0.02,0,-0.08
7/1/10,99.58315992,36.8,0.3897,0,922,-1,-22249,0,0,-0.16
8/1/10,99.67891557,39,0.3151,0.1,1397,0.6,2336,0.01,0,-0.23
9/1/10,99.74136584,20,0.2134,0,3053,0.9,5698,0,0,0.04
10/1/10,99.76744655,59.3,-0.2137,-0.1,3837,1.6,-6356,0,0,0.15
11/1/10,99.75734167,47.2,0.042,0.4,3390,1.7,2779,0,0,0.19
12/1/10,99.71672898,37.4,0.8957,-0.5,2272,1.4,-14756,-0.01,0,0.15
1/1/11,99.66142111,43.3,-0.1724,-0.2,2522,3.3,-29431,-0.01,0,0.02
2/1/11,99.60903929,26.3,-0.4151,-0.1,2400,3.5,-1588,-0.01,0,0.18
3/1/11,99.57163233,79.1,0.9627,0,3319,2.3,10781,-0.02,0,-0.09
4/1/11,99.54797869,32.4,-0.3233,0.1,1712,3.1,280,-0.04,0,0.03
5/1/11,99.53278131,20.1,0.1479,-0.1,-544,1.4,5814,-0.01,0,-0.2
6/1/11,99.52466653,22.6,0.2354,0.1,2618,-0.2,19588,0,0,0.03
7/1/11,99.53339283,36.8,0.5037,-0.1,-349,0.9,-2458,-0.02,0,-0.06
8/1/11,99.57236275,18.7,0.5724,0,683,-0.4,19572,0.03,0,-0.56
9/1/11,99.64979777,32.9,-0.075,0,3624,0.2,1707,-0.02,0,-0.28
10/1/11,99.75755563,19.7,0.6047,-0.2,2197,-2.1,-5282,-0.01,0,-0.11
11/1/11,99.8798312,3.9,0.0405,-0.2,1214,-0.9,3672,0.01,0,-0.11
12/1/11,99.99948565,11,0.474,-0.1,565,-1.6,9317,-0.01,0,0.06
1/1/12,100.1031932,79,0.5725,-0.2,3015,0.9,9243,0.01,0,-0.08
2/1/12,100.1808675,90.4,0.2738,0,4699,1.5,-6242,0.02,0,0
3/1/12,100.2260735,6.7,-0.4796,-0.1,1277,1.9,4920,0.03,0,0.14
4/1/12,100.2381389,24.6,0.7425,0,-1840,-0.1,12452,0.01,0,-0.03
5/1/12,100.2193586,-11.7,0.153,0,-818,-1.4,9188,0.02,0,-0.16
6/1/12,100.1744175,-17,-0.0092,0,-4043,-3.6,7081,0,0,-0.16
7/1/12,100.1118772,27,0.2209,0,1963,-1.1,925,0,0,-0.24
8/1/12,100.0418651,39.2,-0.3944,-0.1,4601,0.5,3792,-0.03,0,0.08
9/1/12,99.97491902,49.3,-0.0547,-0.3,2795,1.3,3862,0.01,0,0.01
10/1/12,99.92127197,32.1,0.3049,0,494,0.1,8778,0.02,0,-0.02
11/1/12,99.88854122,41,0.4493,-0.1,1002,-0.7,-3314,0,0,0.03
12/1/12,99.87836824,2.8,0.2285,0.2,1577,0.2,-243,0,0,0.15
1/1/13,99.88144338,64.6,-0.0458,0.1,2834,1.4,-9087,-0.02,0,0.15
2/1/13,99.88576758,36.3,0.4794,-0.3,5238,1.6,10861,0.01,0,0.1
3/1/13,99.88380898,-13.2,0.4139,-0.2,-3453,-1,-9073,-0.01,0,0.03
4/1/13,99.87943074,-9.6,-0.067,0.1,-1772,-1.4,15218,0.01,0,-0.2
5/1/13,99.88087156,35.8,0.0799,-0.1,2358,-0.6,9024,-0.04,0,0.16
6/1/13,99.89380645,23.4,0.1339,0,1199,-0.2,10543,-0.02,0,0.38
7/1/13,99.91389666,28.3,-0.2861,-0.2,2600,-0.3,18461,0,0,0.07
8/1/13,99.93131336,30.1,0.5792,-0.1,-1028,0.3,11305,-0.01,0,0.2
9/1/13,99.93462453,37,0.5572,0,96,0,9060,0,0,0.1
10/1/13,99.91476651,51.3,-0.14,0,977,-0.3,13093,0.01,0,-0.11
11/1/13,99.86844722,66.1,0.2594,-0.3,448,-0.1,12908,-0.01,0,0.1
12/1/13,99.80308042,27.3,0.1896,-0.2,2681,0.5,15089,0.01,0,-0.01
1/1/14,99.74346015,-14.9,-0.3278,-0.1,-3294,0.8,7376,-0.02,0,-0.13
2/1/14,99.71882093,71.7,0.7538,0.1,5253,0.6,951,0,0,-0.04
3/1/14,99.74953626,79.8,0.9864,0,3824,-0.6,3619,0.01,0,-0.07
4/1/14,99.83126967,42.2,0.0555,-0.5,4103,0.9,15744,0.01,0,-0.14
5/1/14,99.94722652,41.2,0.3988,0.1,422,-0.4,246,0,0,-0.08
6/1/14,100.0765188,59.4,0.3397,-0.2,934,0,-723,0.01,0,0.09
7/1/14,100.1999773,41.2,0.2757,0.1,398,1.2,8511,-0.01,0,-0.09
8/1/14,100.3029162,79.6,-0.1988,-0.1,2956,0.2,161,0,0,-0.08
9/1/14,100.3782515,6.1,0.3367,-0.2,-1537,-0.2,6794,0,0,0.03
10/1/14,100.4309943,70.6,0.0053,-0.2,917,-1.5,24512,0,0,-0.19
11/1/14,100.4706217,22.9,0.6758,0.1,995,-1.8,-1509,0,0,0
12/1/14,100.5049823,9.2,-0.053,-0.2,-3369,-2.5,11536,0.03,0,-0.13
1/1/15,100.5350948,-31.1,-0.766,0.1,-2665,-3.5,12581,-0.01,0,-0.33
2/1/15,100.5575826,46.6,-0.6187,-0.2,-454,-1.2,11155,0,0,0.15
3/1/15,100.5673617,49.1,-0.3347,-0.1,5952,-0.9,15478,0,0,0.03
4/1/15,100.5608253,38.1,-0.6086,0,319,-0.7,27717,0.01,0,-0.12
5/1/15,100.5353699,63.3,-0.4451,0.2,2957,0.2,21709,0,0,0.46
6/1/15,100.4900566,36.7,-0.3345,-0.3,527,0.5,22524,0.01,0,0.21
7/1/15,100.427592,57.2,0.6768,-0.1,3269,-0.1,-6689,0,0,-0.04
8/1/15,100.3526504,31.8,-0.2716,-0.1,-418,-1.2,9108,0.01,0,-0.11
9/1/15,100.2714166,-2.9,-0.3435,-0.1,-1598,-1.8,1135,0,0,0.03
10/1/15,100.1920175,5.9,-0.4092,0,-1687,-0.8,-11162,-0.02,0,-0.12
11/1/15,100.1219069,35.2,-0.7489,0.1,1716,-0.9,-4664,0,0,0.11
12/1/15,100.0651434,35.3,-0.577,-0.1,1103,-1.1,9478,0.12,0.25,-0.09
1/1/16,100.0190162,19.3,0.6468,-0.2,-2668,-1.3,8890,0.1,0,0.03
2/1/16,99.97849443,74.2,-0.5214,0.1,3573,-0.6,10197,0.04,0,-0.04
3/1/16,99.93987375,-19.5,-0.7629,0.1,-1190,-0.2,21126,-0.02,0,-0.14
4/1/16,99.90399264,79.2,0.2719,0.1,1140,0.7,-4552,0.01,0,-0.2
5/1/16,99.87368677,38.4,-0.1784,-0.3,1810,0.6,5135,0,0,0.03
6/1/16,99.85105382,77.3,0.4312,0.1,4768,0.3,22302,0.01,0,-0.15
7/1/16,99.83432379,18.9,0.1791,-0.1,-1029,0.2,-3022,0.01,0,-0.22
8/1/16,99.82009999,29.2,-0.1743,0.1,213,0.5,3734,0.01,0,0.04
9/1/16,99.80515532,57,-0.1189,0.1,2523,0.3,8552,0,0,0.09
10/1/16,99.78803189,21.3,0.0643,-0.1,869,0.3,11091,0,0,0.1
11/1/16,99.76869075,25.5,-0.4415,-0.2,-1381,0.9,25740,0.01,0,0.35
12/1/16,99.7483126,109.3,0.667,0,7339,0.8,3487,0.13,0.25,0.2
1/1/17,99.7292539,52.2,-0.1512,0,2813,0.8,-20055,0.11,0,-0.14
2/1/17,99.71463188,19.6,-0.377,-0.1,-13,1.7,22398,0.01,0,0.03
3/1/17,99.70781787,54.9,0.7389,-0.2,-1069,1.1,-1859,0.13,0.25,0.06
4/1/17,99.71161746,38.1,0.9298,0,1760,0.8,-3998,0.11,0,-0.14
5/1/17,99.7286727,1,0.1107,0,-2428,-0.3,12996,0.01,0,-0.02
6/1/17,99.761104,48.1,0.1572,-0.1,2086,0.1,-9143,0.13,0.25,-0.17
7/1/17,99.80920255,21.5,-0.095,0,127,-0.3,-1971,0.11,0,0.02
8/1/17,99.87222745,42.7,-0.5037,0.1,527,0.4,-4603,0.01,0,-0.07
9/1/17,99.94807254,124.1,0.043,-0.1,9441,0.8,6024,-0.01,0,0
10/1/17,100.0318564,29.7,1.2395,-0.1,201,0.9,1692,0,0,-0.03
11/1/17,100.1180682,100.9,0.285,0,4311,1.2,23522,0.01,0,-0.03
12/1/17,100.2021421,106.1,0.0966,-0.1,3162,0.2,7987,0.14,0.25,-0.06
1/1/18,100.2818624,18.3,-0.0135,-0.1,-2344,0.9,31083,0.11,0,0.04
2/1/18,100.3555738,37.1,0.2934,0.1,2846,1.1,20238,0.01,0,0.27
3/1/18,100.4207139,67.8,0.6485,-0.1,-1392,0.8,-7847,0.09,0.25,0.05
4/1/18,100.4727908,84.3,1.1115,0,1822,0.5,6820,0.18,0,-0.02
5/1/18,100.5065284,62.8,-0.8687,-0.2,4698,1.2,5795,0.01,0,0.15
6/1/18,100.5179766,40.8,0.7637,0.2,-2232,0.8,-21247,0.12,0.25,-0.04
7/1/18,100.5079601,49.7,0.2429,-0.2,2895,0.5,-9129,0.09,0,-0.09
8/1/18,100.4802684,51.9,0.6185,0,-546,0.8,-1446,0,0,0.01
9/1/18,100.4414268,16.2,-0.0344,-0.1,-530,1,-14112,0.04,0.25,0.1
10/1/18,100.4017831,88.9,-0.1441,0.1,4802,0.4,-16934,0.24,0,0.16
11/1/18,100.3723479,68.2,-0.0747,0,1659,-1,-12160,0.01,0,0.08
12/1/18,100.361781,-137.2,-0.0457,0.1,-8923,-1.6,-6540,0.07,0.25,-0.2
1/1/19,100.3727282,53.8,-0.5647,0.1,2909,-0.4,19445,0.13,0,-0.09
2/1/19,100.4043278,13.5,-0.5743,-0.2,1082,-0.7,17474,0,0,-0.14
3/1/19,100.4532095,126.5,0.1355,0,6079,-0.4,13772,0.01,0,-0.02
4/1/19,100.5130539,84.9,-0.6092,-0.2,276,-0.2,27875,0.01,0,-0.08
5/1/19,100.5769127,42.9,0.1976,0,1755,-0.8,5132,-0.03,0,-0.02
6/1/19,100.6387896,53.5,-0.0679,0,7,-1,16579,-0.01,0,-0.25
7/1/19,100.6949825,61.7,-0.3272,0.1,4675,-0.7,23848,0.02,0,-0.13
8/1/19,100.7435954,49,0.6314,0,2300,-0.7,10206,-0.27,-0.25,-0.31
9/1/19,100.7845043,28.3,-0.3739,-0.2,-3919,-0.2,8545,-0.09,-0.25,0.05
10/1/19,100.8199124,43.2,-0.8498,0.1,1403,0.7,1888,-0.21,-0.25,-0.02
11/1/19,100.8512707,59.7,0.5231,0,2482,-0.3,20485,-0.28,0,0.05
12/1/19,100.8766444,18.7,-0.3697,0,2990,-0.6,8246,0,0,-0.05
1/1/20,100.8884261,83.6,-0.5261,-0.1,-2810,0,27892,0,0,-0.07
2/1/20,100.8750155,15.2,0.2329,0,1785,-0.6,15249,0.03,0,-0.16
3/1/20,96.03663864,-1022.9,-3.877,0.9,-25506,-0.7,5432,-0.93,-2,0.24
4/1/20,93.06449633,-1740.4,-13.2459,10.3,-56474,-3.8,-54635,-0.6,0,-0.59
5/1/20,91.54855311,1036.3,1.6416,-1.5,66127,-0.4,-14702,0,0,0.07
6/1/20,93.34189014,831.2,5.3188,-2.2,30204,-0.2,-2701,0.03,0,-0.06
7/1/20,95.11438681,239.9,3.7265,-0.8,8920,1.4,4597,0.01,0,-0.3
8/1/20,96.86447621,141.3,1.0037,-1.8,1222,1.3,15385,0.01,0,0.11
9/1/20,97.04531283,211.2,-0.2905,-0.5,10309,1.6,4259,-0.01,0,0.06
10/1/20,97.22944046,64.3,1.0435,-1,-1874,1,12473,0,0,0.04
11/1/20,97.42919453,-78.7,0.5155,-0.2,-3993,0.9,15437,0,0,-0.05
12/1/20,97.77643486,-77.8,1.1245,0,2043,3.3,17017,0,0,-0.04
1/1/21,98.14623836,468.4,1.1222,-0.3,24393,4,45605,0,0,0.19
2/1/21,98.5017501,-158.3,-3.011,-0.2,-9619,5,-16541,-0.01,0,0.25
3/1/21,98.73744892,759.3,2.7652,-0.2,55511,6.6,15303,-0.01,0,0.34
4/1/21,98.90455096,159.8,0.0798,0,-738,7.8,4992,0,0,-0.14
5/1/21,99.03239942,5.7,0.681,-0.2,-11307,6.4,10606,-0.01,0,0.06
6/1/21,99.18184719,177.6,0.5478,0.1,3522,4.7,15112,0.02,0,-0.17
7/1/21,99.3501679,12.9,0.6972,-0.5,-7283,3.46,1863,0.02,0,-0.22
8/1/21,99.54291928,176.2,-0.0749,-0.2,3591,3.565,15688,-0.01,0,-0.02
9/1/21,99.76443795,97.8,-1.2321,-0.5,5671,2.588,15463,-0.01,,-0.02
10/1/21,100.006438,220.6,1.3928,-0.1,9679,3.779,14134,0,,0.15
11/1/21,100.2563737,81.4,0.784,-0.4,3394,2.899,16611,0,,-0.06
12/1/21,,-148.6,-0.3972,-0.3,-8880,0.671,25694,0,,0.03
1/1/22,,332.5,1.0461,0.1,19190,2.601,50411,0,,0.28
2/1/22,,102.9,0.9478,-0.2,6698,-0.523,9436,0,,0.32
3/1/22,,185,0.9512,-0.2,4115,1.88,1904,0.12,,0.18
4/1/22,,,,,,,,0.13,,0.33